"","Leave Length, Days","Count","Percent"
"1",4,79122.5908981869,0.76800222209094
"2",18,14530.785319155,0.141042846134772
"3",36,9370.53259736188,0.0909549317742883
