"","Leave Length, Days","Count","Percent"
"1",6,7594.2121080529,0.115383281832522
"2",10,58223.0535082593,0.884616718167478
