"","Leave Length, Days","Count","Percent"
"1",60,26610.4631466435,0.115979975720266
"2",70,143139.411586866,0.623863830891344
"3",90,59690.2763045078,0.26015619338839
