{
    "KNeighborsClassifier1": {
        "f1": {
            "needer": 0.11283077464785848,
            "resp_len": 0.16262258743616387,
            "taker": 0.2526190910102659
        },
        "precision": {
            "needer": 0.08245040736680216,
            "resp_len": 0.116015946812333,
            "taker": 0.18845219097081856
        },
        "recall": {
            "needer": 0.17866211199200646,
            "resp_len": 0.2718196520109189,
            "taker": 0.38304308438420925
        }
    },
    "KNeighborsClassifier5": {
        "f1": {
            "needer": 0.08919904808071269,
            "resp_len": 0.17992210256204985,
            "taker": 0.25710601211113343
        },
        "precision": {
            "needer": 0.0636025216312016,
            "resp_len": 0.13102883844806643,
            "taker": 0.18803467278082933
        },
        "recall": {
            "needer": 0.14927340694315622,
            "resp_len": 0.28702525429418696,
            "taker": 0.40638441656820834
        }
    },
    "LogisticRegression": {
        "f1": {
            "needer": 0.13415358198925587,
            "resp_len": 0.12826378653591944,
            "taker": 0.16470203124555374
        },
        "precision": {
            "needer": 0.12916167202163137,
            "resp_len": 0.12403839520316517,
            "taker": 0.16208404343061542
        },
        "recall": {
            "needer": 0.13954686447644807,
            "resp_len": 0.13278720782098552,
            "taker": 0.16740597917498418
        }
    },
    "MultinomialNB": {
        "f1": {
            "needer": 0.11169150002076086,
            "resp_len": 0.13719570280441068,
            "taker": 0.19846548655730417
        },
        "precision": {
            "needer": 0.0940213807734699,
            "resp_len": 0.1282593929368963,
            "taker": 0.17945382258557743
        },
        "recall": {
            "needer": 0.1375404786076955,
            "resp_len": 0.14747052374612857,
            "taker": 0.22198274145471483
        }
    },
    "RandomForestClassifier": {
        "f1": {
            "needer": 0.06355542379471511,
            "resp_len": 0.15034091162906055,
            "taker": 0.2581657257342453
        },
        "precision": {
            "needer": 0.04515788349164038,
            "resp_len": 0.10552196187072829,
            "taker": 0.1899556837976794
        },
        "recall": {
            "needer": 0.10724931301366496,
            "resp_len": 0.2613423517626839,
            "taker": 0.4028074123664912
        }
    },
    "RidgeClassifier": {
        "f1": {
            "needer": 0.10842288231853658,
            "resp_len": 0.1653728467368736,
            "taker": 0.29762216675945696
        },
        "precision": {
            "needer": 0.05852080011541878,
            "resp_len": 0.10965915672492935,
            "taker": 0.18298403957233209
        },
        "recall": {
            "needer": 0.7361876660384515,
            "resp_len": 0.33616628093795675,
            "taker": 0.7968304824576902
        }
    },
    "SVC": {
        "f1": {
            "needer": 0.06521839988189584,
            "resp_len": 0.17133664046618383,
            "taker": 0.23661795298777424
        },
        "precision": {
            "needer": 0.04862100880533874,
            "resp_len": 0.12523288554198922,
            "taker": 0.17695207117481623
        },
        "recall": {
            "needer": 0.09902018009907106,
            "resp_len": 0.2711641302909158,
            "taker": 0.3569903420525675
        }
    },
    "random draw": {
        "f1": {
            "needer": 0.05469460351478684,
            "resp_len": 0.14584022295874788,
            "taker": 0.2182604458840888
        },
        "precision": {
            "needer": 0.04041865911239606,
            "resp_len": 0.10464287185539045,
            "taker": 0.1612237592051414
        },
        "recall": {
            "needer": 0.08456208772785793,
            "resp_len": 0.24053927813248827,
            "taker": 0.33774602470355614
        }
    }
}